Classe,company_size,probability
Comercial,large,0.7369901547116737
Comercial,medium,0.17440225035161744
Comercial,small,0.08860759493670886
Industrial,small,0.45919778699861685
Industrial,large,0.343015214384509
Industrial,medium,0.19778699861687413
Outros,large,0.43802816901408453
Outros,medium,0.33943661971830985
Outros,small,0.22253521126760564
Residencial,small,1.0
Rural,small,0.5259365994236311
Rural,large,0.2478386167146974
Rural,medium,0.22622478386167147
