Classe,company_size,probability
comercial,grande,0.7369901547116737
comercial,média,0.1744022503516174
comercial,pequena,0.0886075949367088
industrial,pequena,0.4591977869986168
industrial,grande,0.343015214384509
industrial,média,0.1977869986168741
outros,grande,0.4380281690140845
outros,média,0.3394366197183098
outros,pequena,0.2225352112676056
residencial,pequena,1.0
rural,pequena,0.5259365994236311
rural,grande,0.2478386167146974
rural,média,0.2262247838616714
