,energy_source,probability
1,hidrelétrica,0.5160741869613467
4,térmica,0.22779618011159317
0,eólica,0.1594547010741491
3,solar,0.08734416014853603
2,nuclear,0.009330771704375023
