energy_source,probability
hidrelétrica,0.5160741869613467
térmica,0.2277961801115931
eólica,0.1594547010741491
solar,0.087344160148536
nuclear,0.009330771704375
