Unnamed: 0,energy_source,probability
0,hidrelétrica,0.5160741869613467
3,térmica,0.2277961801115931
4,eólica,0.1594547010741491
2,solar,0.087344160148536
1,nuclear,0.009330771704375
