,energy_source,probability
0,hydro,0.5160741869613467
3,thermal,0.22779618011159317
4,wind,0.1594547010741491
2,solar,0.08734416014853603
1,nuclear,0.009330771704375023
